rank,side,term,tfidf
0,right,let_us,0.237376277111
1,right,email_address,0.189911093876
2,right,aborted_babies,0.12708582482
3,right,yet_another,0.101980897666
4,right,least_one,0.101301025015
5,right,first_place,0.098052744571
6,right,campaign_trail,0.0969699844229
7,right,feel_like,0.0935958016359
8,right,weeks_ago,0.0916820860254
9,right,20_years,0.0854121493541
10,right,presidential_candidate_donald_trump,0.0844804720174
11,right,republican_national_convention,0.0834228923379
12,right,daily_signal,0.0815343571959
13,right,democrat_party,0.0810055673561
14,right,months_ago,0.0790918517456
15,right,vast_majority,0.0779587306604
16,right,good_news,0.0766493462953
17,right,national_anthem,0.0743579236564
18,right,take_place,0.0742320213136
19,right,black_lives_matter_movement,0.0698506197843
20,right,state_hillary_clinton,0.0696743565043
21,right,american_flag,0.069523273693
22,right,every_year,0.0689693033847
23,right,republican_voters,0.0685160549506
24,right,islamic_state_group,0.0667030612143
25,right,oval_office,0.0658469252833
26,right,capitol_hill,0.0650411502894
27,right,take_care,0.0627497276505
28,right,election_day,0.0622712987478
29,right,ever_since,0.0609870948513
30,right,federal_judge,0.0609619143827
31,right,privacy_policy,0.0599295151718
32,right,three_times,0.0595266276748
33,right,republican_nomination,0.0587460331495
34,right,black_community,0.0578898972185
35,right,share_your_thoughts,0.0572352050359
36,right,latest_video_at_videofoxnewscom,0.0565805128534
37,right,get_rid,0.0553466698939
38,right,next_day,0.0544149925572
39,right,much_better,0.0542135488088
40,right,comments_section,0.0536595785004
41,right,much_less,0.0535840370948
42,right,weve_seen,0.0534329542834
43,right,days_later,0.0522746527297
44,right,constitutional_rights,0.050940087896
45,right,friday_night,0.0501846738392
46,right,interesting_story,0.0498825082165
47,right,past_year,0.0498069668108
48,right,president_george_w,0.0495803425938
49,right,bear_arms,0.0494040793139
50,right,open_borders,0.0491270941597
51,right,whole_thing,0.0489760113484
52,right,republican_establishment,0.0485227629143
53,right,looked_like,0.048195416823
54,right,great_deal,0.0478932512003
55,right,gop_establishment,0.0472637394863
56,right,thus_far,0.0466845887094
57,right,im_gon_na,0.0447708730989
58,right,long_ago,0.0442672637277
59,right,days_ago,0.043965098105
60,right,doesnt_matter,0.043738473888
61,right,bad_news,0.0435370301395
62,right,terrorist_groups,0.0432852254539
63,right,gop_nomination,0.04247945046
64,right,take_action,0.0421017434316
65,right,sanctuary_cities,0.0420010215574
66,right,recent_weeks,0.0419254801517
67,right,tells_us,0.0418751192146
68,right,des_moines,0.0417995778089
69,right,told_wnd,0.041623314529
70,right,texas_sen_ted_cruz,0.0415225926547
71,right,60_percent,0.0414722317176
72,right,soviet_union,0.0413463293748
73,right,refugee_resettlement,0.0411952465635
74,right,real_estate_mogul,0.0406664567237
75,right,reprinted_with_permission,0.0406160957866
76,right,taxpayer_dollars,0.0403391106324
77,right,white_privilege,0.0402887496953
78,right,los_angeles_times,0.0401124864154
79,right,making_sure,0.0399110426669
80,right,100_million,0.0396592379813
81,right,least_two,0.0390800872045
82,right,move_forward,0.0390800872045
83,right,college_campuses,0.0390549067359
84,right,mr_obama,0.0389793653302
85,right,gop_front-runner,0.0388031020503
86,right,radio_show,0.0387779215817
87,right,contested_convention,0.0387527411132
88,right,new_orleans,0.0387275606446
89,right,10_million,0.038475755959
90,right,held_accountable,0.0384253950219
91,right,next_month,0.0383246731477
92,right,public_safety,0.0374181762795
93,right,gop_candidate,0.0371663715939
94,right,vice_president_joe_biden,0.0371160106568
95,right,pro-life_movement,0.0368390255027
96,right,border_security,0.0366879426913
97,right,nt_care,0.0364361380057
98,right,going_forward,0.0364109575371
99,right,look_forward,0.0363102356629
100,right,lgbt_community,0.0363102356629
101,right,christian_faith,0.0362598747258
102,right,chief_executive,0.036133972383
103,right,first_ballot,0.0360836114459
104,right,many_ways,0.0358318067603
105,right,90_percent,0.0353533778576
106,right,support_donald_trump,0.035277836452
107,right,advertisement_story_continues_below_according,0.0352133186165
108,right,makes_sense,0.035101573172
109,right,take_advantage,0.034874948955
110,right,make_sense,0.0346986856751
111,right,young_girls,0.0345727833323
112,right,american_politics,0.0344972419266
113,right,mr_trumps,0.0340943544297
114,right,advertisement_story_continues_below_trump,0.0338330980878
115,right,north_dakota,0.0337166474013
116,right,passed_away,0.0332885794358
117,right,recent_interview,0.033162677093
118,right,recent_months,0.0330871356873
119,right,college_students,0.0329360528759
120,right,registered_voters,0.0329108724074
121,right,put_together,0.0326842481903
122,right,45_percent,0.0325079849104
123,right,oil_prices,0.0321554583506
124,right,pop_culture,0.0320295560078
125,right,whole_lot,0.0319540146021
126,right,determine_whether,0.0315259466366
127,right,paul_joseph_watson,0.0311986005453
128,right,federal_agencies,0.0308964349226
129,right,osama_bin_laden,0.0308964349226
130,right,little_sisters,0.0306698107056
131,right,globalist_agenda,0.030644630237
132,right,rudy_giuliani,0.03041800602
133,right,every_member,0.03041800602
134,right,national_debt,0.03024174274
135,right,white_men,0.0302165622715
136,right,ive_seen,0.0300654794601
137,right,little_boy,0.030015118523
138,right,title_ix,0.030015118523
139,right,much_worse,0.0299143966488
140,right,go_ahead,0.0298136747745
141,right,never_mind,0.0296374114946
142,right,bizpac_review,0.0296374114946
143,right,one_reason,0.0295115091518
144,right,insurance_companies,0.0294107872776
145,right,recent_days,0.0294107872776
146,right,thats_exactly,0.0293352458719
147,right,democratic_nomination,0.0292345239977
148,right,foreign_governments,0.0291338021234
149,right,senior_fellow,0.0291338021234
150,right,unborn_baby,0.0291086216549
151,right,senate_majority_leader_mitch_mcconnell,0.0291086216549
152,right,nt_need,0.0290078997806
153,right,double_standard,0.0290078997806
154,right,police_brutality,0.0288568169693
155,right,live_action,0.0288064560321
156,right,much_money,0.0287812755636
157,right,walk_away,0.0287057341579
158,right,39_percent,0.0286553732208
159,right,44_percent,0.0285546513466
160,right,democratic_presidential_candidate_hillary_clinton,0.0285546513466
161,right,sexually_assaulted,0.0283783880666
162,right,hyde_amendment,0.0282021247867
163,right,last_friday,0.0278747786954
164,right,moving_forward,0.0278495982269
165,right,pleaded_guilty,0.0278495982269
166,right,daily_basis,0.0277740568212
167,right,pregnant_women,0.0277740568212
168,right,shot_dead,0.0276985154155
169,right,50_states,0.0275977935413
170,right,hours_later,0.0275222521356
171,right,senate_democrats,0.0273459888557
172,right,small_businesses,0.0273208083871
173,right,house_select_committee,0.02727044745
174,right,nearly_every,0.0271697255758
175,right,four_years_ago,0.0270690037015
176,right,de_facto,0.0268423794845
177,right,four_times,0.026640935736
178,right,12_percent,0.0265905747989
179,right,large_numbers,0.0265653943303
180,right,feels_like,0.0265402138618
181,right,presidential_bid,0.0265150333932
182,right,43_percent,0.0262380482391
183,right,thank_god,0.026187687302
184,right,bad_guys,0.0261625068334
185,right,russian_president_vladimir,0.0261625068334
186,right,social_issues,0.0260366044906
187,right,recently_released,0.026011424022
188,right,38_percent,0.026011424022
189,right,race_relations,0.0259862435535
190,right,large_part,0.0256085365251
191,right,47_percent,0.0255078146508
192,right,taken_place,0.025381912308
193,right,theres_no_way,0.025381912308
194,right,democratic_front-runner,0.0253063709024
195,right,presumptive_republican_presidential_nominee,0.0250293857482
196,right,breast_cancer,0.0250293857482
197,right,taken_into_custody,0.0249790248111
198,right,500_million,0.0249790248111
199,right,destroy_america,0.0248783029369
200,right,answer_questions,0.0248027615312
201,right,3_million,0.0247020396569
202,right,least_three,0.0246013177827
203,right,international_community,0.0245005959085
204,right,pay_attention,0.0244502349713
205,right,american-islamic_relations,0.0244250545028
206,right,gon_na_get,0.0243495130971
207,right,electoral_votes,0.02429915216
208,right,politically_incorrect,0.0242236107543
209,right,house_committee,0.0242236107543
210,right,former_florida_gov,0.0241984302857
211,right,boko_haram,0.0241480693486
212,right,gas_station,0.0240221670058
213,right,pushed_back,0.0240221670058
214,right,found_guilty,0.0239969865373
215,right,senate_floor,0.0239718060687
216,right,taken_away,0.0239466256002
217,right,advertisement_story_continues_below_one,0.0239238224972
218,right,public_service,0.0239214451316
219,right,muslim_countries,0.0238710841945
220,right,republican_leadership,0.0238710841945
221,right,nikki_haley,0.0238459037259
222,right,border_wall,0.0237955427888
223,right,could_easily,0.0237451818517
224,right,election_season,0.0237451818517
225,right,board_member,0.0236444599774
226,right,30_days,0.0234933771661
227,right,help_spread,0.0234933771661
228,right,senator_cruz,0.0234681966975
229,right,iowa_caucus,0.0234681966975
230,right,video_footage,0.0233674748233
231,right,thomas_jefferson,0.0233674748233
232,right,nearly_half,0.0233422943547
233,right,editors_note,0.0231156701377
234,right,federal_bureau,0.0229897677949
235,right,florida_sen_marco,0.0229645873263
236,right,western_civilization,0.0229142263892
237,right,cecile_richards,0.0228638654521
238,right,senate_republicans,0.0228638654521
239,right,based_upon,0.0228386849835
240,right,36_percent,0.0226876021722
241,right,net_worth,0.0226624217036
242,right,37_percent,0.0226372412351
243,right,fox_news_reported,0.0226372412351
244,right,new_york_state,0.0225365193608
245,right,country_illegally,0.0225365193608
246,right,hollywood_reporter,0.0224861584237
247,right,could_potentially,0.0224861584237
248,right,much_time,0.0224357974866
249,right,14_percent,0.022410617018
250,right,latest_book,0.0223350756123
251,right,white_house_press_secretary_josh_earnest,0.0223098951438
252,right,22_percent,0.0223098951438
253,right,vermont_sen_bernie_sanders,0.0222847146752
254,right,vietnam_war,0.0222847146752
255,right,like_donald_trump,0.0222091732695
256,right,advertisement_story_continues_below_however,0.0221543089989
257,right,clinton_global_initiative,0.0221336318639
258,right,skin_color,0.0221084513953
259,right,23_percent,0.0221084513953
260,right,second_term,0.0220580904582
261,right,going_viral,0.0219825490525
262,right,takes_place,0.0219825490525
263,right,us_embassy,0.0219825490525
264,right,right_scoop,0.0219070076468
265,right,establishment_republicans,0.0218818271783
266,right,everyone_knows,0.0218566467097
267,right,safe_spaces,0.0218314662411
268,right,nothing_else,0.0218062857726
269,right,next_generation,0.0217307443669
270,right,american_soil,0.0217307443669
271,right,personal_information,0.0217055638984
272,right,long_term,0.0217055638984
273,right,made_headlines,0.0216300224927
274,right,south_china_sea,0.0216048420241
275,right,charlie_hebdo,0.0216048420241
276,right,rep_trey_gowdy,0.0216048420241
277,right,federal_officials,0.0215796615556
278,right,government_agencies,0.021554481087
279,right,opposite_sex,0.0215293006184
280,right,criminal_activity,0.0215293006184
281,right,bruce_jenner,0.0215041201499
282,right,child_abuse,0.0214789396813
283,right,great_britain,0.0214033982756
284,right,much_higher,0.0213530373385
285,right,limited_government,0.02132785687
286,right,general_public,0.0213026764014
287,right,aborted_baby_body_parts,0.0212271349957
288,right,federal_governments,0.0212271349957
289,right,national_enquirer,0.0211767740586
290,right,july_26_2016,0.02115159359
291,right,fort_hood,0.02115159359
292,right,september_19_2016,0.02115159359
293,right,extremely_careless,0.0211264131215
294,right,first_quarter,0.0211012326529
295,right,three_hours,0.0210760521844
296,right,terror_groups,0.0210005107787
297,right,democrat_presidential_nominee,0.02095103982
298,right,business_insider,0.0209501498416
299,right,911_attacks,0.020924969373
300,right,told_politico,0.0208746084359
301,right,work-related_emails,0.0208746084359
302,right,democrat_hillary_clinton,0.0207487060931
303,right,classified_emails,0.0206731646874
304,right,33_percent,0.0206228037503
305,right,17_percent,0.0206228037503
306,right,conventional_wisdom,0.0206228037503
307,right,abraham_lincoln,0.0205976232817
308,right,drudge_report,0.0205976232817
309,right,strong_sense,0.0205976232817
310,right,electoral_college,0.0205976232817
311,right,tuesday_evening,0.0205724428132
312,right,put_forward,0.0205724428132
313,right,near_future,0.0205220818761
314,right,first_presidential_debate,0.0204969014075
315,right,criminal_aliens,0.0204969014075
316,right,national_association,0.0204213600018
317,right,weeks_later,0.0203709990647
318,right,gave_birth,0.0203709990647
319,right,political_establishment,0.0203709990647
320,right,dylann_roof,0.0203458185961
321,right,white_supremacy,0.0203206381276
322,right,syed_farook,0.020295457659
323,right,brokered_convention,0.020295457659
324,right,benghazi_libya,0.020295457659
325,right,49_percent,0.0202702771905
326,right,international_law,0.0202450967219
327,right,security_clearance,0.0201191943791
328,right,police_arrived,0.0201191943791
329,right,found_dead,0.0200940139105
330,right,police_station,0.020068833442
331,right,difficult_time,0.0200436529734
332,right,next_page,0.0200436529734
333,right,black_panthers,0.0200184725049
334,right,tashfeen_malik,0.0199932920363
335,right,july_22_2016,0.0199681115677
336,right,tel_aviv,0.0199429310992
337,right,emphasis_added,0.0199429310992
338,right,msnbcs_morning_joe,0.0199177506306
339,right,exclusive_interview,0.0199177506306
340,right,16_percent,0.0199177506306
341,right,pulse_nightclub,0.0198925701621
342,right,central_america,0.0198673896935
343,right,55_percent,0.0197918482878
344,right,conspiracy_theory,0.0197918482878
345,right,recent_polls,0.0197666678193
346,right,expressed_concern,0.0197163068821
347,right,legal_status,0.0197163068821
348,right,religious_minorities,0.019665945945
349,right,taking_advantage,0.019665945945
350,right,2_billion,0.0196407654765
351,right,july_14_2016,0.0196155850079
352,right,walked_away,0.0195400436022
353,right,almost_immediately,0.019439321728
354,right,incident_occurred,0.0193385998538
355,right,september_8_2016,0.0193134193852
356,right,month_ago,0.0193134193852
357,right,muslim_immigrants,0.0193134193852
358,right,top_priority,0.0193134193852
359,right,sen_rand_paul,0.0192882389166
360,right,iphone_7,0.0192882389166
361,right,republican_presidential_front-runner_donald,0.0192882389166
362,right,nothing_short,0.0192630584481
363,right,shariah_law,0.019212697511
364,right,far_away,0.0191875170424
365,right,obama_white_house,0.0191875170424
366,right,total_number,0.0191875170424
367,right,wednesday_afternoon,0.0190867951682
368,right,every_single_day,0.019036434231
369,right,vetting_process,0.019036434231
370,right,house_floor,0.0189860732939
371,right,stay_home,0.0189357123568
372,right,late-term_abortions,0.0188853514197
373,right,colin_powell,0.0187846295454
374,right,26_percent,0.0187846295454
375,right,charles_krauthammer,0.0187846295454
376,right,lena_dunham,0.0187594490769
377,right,political_insiders_2016,0.0187568430821
378,right,federal_authorities,0.0187342686083
379,right,republican_lawmakers,0.0187090881398
380,right,local_authorities,0.0187090881398
381,right,wan_na,0.0187090881398
382,right,immigration_studies,0.0186839076712
383,right,even_better,0.0186839076712
384,right,also_pointed,0.0186839076712
385,right,front_door,0.0186335467341
386,right,new_hampshire_primary,0.0186335467341
387,right,july_25_2016,0.0186083662655
388,right,platte_river,0.0186083662655
389,right,overwhelming_majority,0.0185328248598
390,right,still_alive,0.0185076443913
391,right,past_few_years,0.0184572834542
392,right,state_dept,0.0184321029856
393,right,march_22_2016,0.018406922517
394,right,twin_falls,0.018406922517
395,right,bill_de_blasio,0.018406922517
396,right,radical_islamists,0.018406922517
397,right,assistant_secretary,0.0183817420485
398,right,russian_government,0.0183817420485
399,right,politico_reported,0.0183565615799
400,right,research_note,0.0183313811114
401,right,immigration_system,0.0183313811114
402,right,reality_show,0.0183313811114
403,right,tuesday_afternoon,0.0182810201742
404,right,almost_always,0.0182810201742
405,right,political_opponents,0.0182810201742
406,right,state_legislatures,0.0182810201742
407,right,local_governments,0.0182558397057
408,right,august_6,0.0182306592371
409,right,iranian_regime,0.0182054787686
410,right,ice_cream,0.0181802983
411,right,deutsche_bank,0.0181299373629
412,right,reports_indicate,0.0181299373629
413,right,global_economy,0.0181299373629
414,right,2016_presidential_election,0.0180795764258
415,right,sanctions_relief,0.0180795764258
416,right,united_arab_emirates,0.0180795764258
417,right,dont_worry,0.0180292154887
418,right,reminds_us,0.0180040350201
419,right,selling_aborted_baby_parts,0.0180040350201
420,right,29_percent,0.0179788545515
421,right,comment_section,0.0179788545515
422,right,thursday_evening,0.017953674083
423,right,september_22_2016,0.017953674083
424,right,incident_took_place,0.0179284936144
425,right,news_station,0.0179033131459
426,right,monday_evening,0.0179033131459
427,right,every_bit,0.0178781326773
428,right,conservative_principles,0.0178781326773
429,right,time_ago,0.0178781326773
430,right,stark_contrast,0.0178781326773
431,right,second_quarter,0.0178529522087
432,right,lets_hope,0.0178529522087
433,right,gross_negligence,0.0178529522087
434,right,know_better,0.0178277717402
435,right,52_percent,0.0178277717402
436,right,clarence_thomas,0.0178277717402
437,right,top_10,0.0178277717402
438,right,fox_news_channels,0.0178025912716
439,right,foreign_workers,0.0178025912716
440,right,good_luck,0.0178025912716
441,right,july_28_2016,0.0177774108031
442,right,partys_nominee,0.0177774108031
443,right,us_state_department,0.0177522303345
444,right,wolf_blitzer,0.0177270498659
445,right,weasel_zippers,0.0176766889288
446,right,blind_eye,0.0176263279917
447,right,market_share,0.0176263279917
448,right,future_generations,0.0175759670546
449,right,boston_marathon,0.0175759670546
450,right,video_clip,0.0175256061175
451,right,57_percent,0.0175004256489
452,right,paula_jones,0.0175004256489
453,right,wednesday_evening,0.0174752451803
454,right,set_aside,0.0174500647118
455,right,adolf_hitler,0.0174500647118
456,right,53_percent,0.0174248842432
457,right,anytime_soon,0.0174248842432
458,right,front_lines,0.0174248842432
459,right,whose_name,0.0174248842432
460,right,social_justice_warriors,0.0174248842432
461,right,ny_times,0.0173997037747
462,right,last_minute,0.0173745233061
463,right,thursday_afternoon,0.0173493428375
464,right,speaker_ryan,0.0173493428375
465,right,islamic_extremism,0.017324162369
466,right,june_13_2016,0.0172989819004
467,right,hong_kong,0.0172738014319
468,right,34_percent,0.0172486209633
469,right,decade_ago,0.0172486209633
470,right,56_percent,0.0172486209633
471,right,october_20_2016,0.0172234404947
472,right,exact_opposite,0.0172234404947
473,right,congressional_republicans,0.0171982600262
474,right,david_french,0.0171982600262
475,right,democratic_voters,0.0171730795576
476,right,behind_closed_doors,0.0171478990891
477,right,growing_number,0.0171478990891
478,right,hill_reported,0.0171478990891
479,right,mark_knoller_markknoller,0.0171478990891
480,right,migrant_crisis,0.0171227186205
481,right,eminent_domain,0.0170723576834
482,right,green_cards,0.0170723576834
483,right,march_11_2016,0.0170723576834
484,right,big_banks,0.0170471772148
485,right,human_nature,0.0169968162777
486,right,monday_afternoon,0.0169968162777
487,right,told_reuters,0.0169968162777
488,right,save_lives,0.0169968162777
489,right,wait_times,0.0169716358092
490,right,identity_politics,0.0169464553406
491,right,article_originally_appeared,0.016921274872
492,right,merry_christmas,0.016921274872
493,right,miles_away,0.016921274872
494,right,american_civil_liberties,0.016921274872
495,right,latest_breaking_trump,0.0169165490439
496,right,death_toll,0.0168960944035
497,right,abortion_advocates,0.0168960944035
498,right,delegate_count,0.0168709139349
499,right,conservative_tribune,0.0168709139349
500,right,last_few_years,0.0168457334664
501,right,july_27_2016,0.0168457334664
502,right,much_larger,0.0168205529978
503,right,quid_pro_quo,0.0168205529978
504,right,turned_away,0.0167953725292
505,right,im_glad,0.0167953725292
506,right,audio_clip,0.0167953725292
507,right,gon_na_happen,0.0167701920607
508,right,critical_condition,0.0167701920607
509,right,left_wing,0.016694650655
510,right,third-party_candidate,0.0166694701864
511,right,ground_game,0.0166442897179
512,right,alton_sterling,0.0166442897179
513,right,temple_mount,0.0166191092493
514,right,young_boy,0.0166191092493
515,right,first_lady_michelle_obama,0.0166191092493
516,right,stay_away,0.0165939287808
517,right,sounded_like,0.0165687483122
518,right,persian_gulf,0.0165687483122
519,right,israeli_prime_minister_benjamin_netanyahu,0.0165435678436
520,right,religious_leaders,0.0165183873751
521,right,right_direction,0.0165183873751
522,right,speaking_fees,0.016468026438
523,right,best_interest,0.0164428459694
524,right,ferguson_missouri,0.0164428459694
525,right,executive_amnesty,0.0164428459694
526,right,20_minutes,0.0164428459694
527,right,muslim_population,0.0164176655008
528,right,ruling_class,0.0163924850323
529,right,november_election,0.0163924850323
530,right,october_29_2015,0.0163673045637
531,right,federal_records,0.0163673045637
532,right,democratic_partys,0.0163169436266
533,right,selling_aborted_baby_body,0.0163149144545
534,right,united_states_government,0.016291763158
535,right,last_october,0.0162665826895
536,right,inner_circle,0.0162665826895
537,right,social_conservatives,0.0162665826895
538,right,september_16_2016,0.0162414022209
539,right,getting_ready,0.0162414022209
540,right,august_9_2016,0.0162414022209
541,right,taking_care,0.0162162217524
542,right,dating_back,0.0162162217524
543,right,mass_destruction,0.0161658608152
544,right,hillary_clinton_would,0.0161658608152
545,right,may_find,0.0161406803467
546,right,youll_see,0.0161154998781
547,right,all-time_high,0.0161154998781
548,right,54_percent,0.0160903194096
549,right,since_2009,0.0160903194096
550,right,take_responsibility,0.0160903194096
551,right,brexit_vote,0.0160903194096
552,right,july_5_2016,0.016065138941
553,right,hotel_room,0.016065138941
554,right,pledged_allegiance,0.016065138941
555,right,boston_globe,0.0160399584724
556,right,would_no_longer,0.0160399584724
557,right,new_zealand,0.0160399584724
558,right,black_panther_party,0.0159644170668
559,right,bashar_al-assad,0.0159644170668
560,right,im_talking,0.0159392365982
561,right,foreign_countries,0.0159392365982
562,right,clintons_presidential_campaign,0.0159392365982
563,right,western_europe,0.0159392365982
564,right,double_digits,0.0159392365982
565,right,last_december,0.0159140561296
566,right,war_hero,0.0158888756611
567,right,silent_majority,0.0158888756611
568,right,radio_interview,0.0158888756611
569,right,2016_presidential_race,0.0158888756611
570,right,nov_8,0.0158636951925
571,right,sen_ted_cruz_r-texas,0.0158636951925
572,right,emergency_room,0.0158636951925
573,right,bryan_pagliano,0.015838514724
574,right,bill_maher,0.0158133342554
575,right,republican_field,0.0157881537869
576,right,another_reason,0.0157881537869
577,right,come_under_fire,0.0157881537869
578,right,lois_lerner,0.0157881537869
579,right,past_decade,0.0157629733183
580,right,roman_catholic,0.0157377928497
581,right,wide_range,0.0156874319126
582,right,homosexual_marriage,0.0156622514441
583,right,became_clear,0.0156622514441
584,right,old_testament,0.0156622514441
585,right,nazi_germany,0.0156622514441
586,right,active_shooter,0.0156370709755
587,right,fellow_citizens,0.0156118905069
588,right,10_minutes,0.0156118905069
589,right,sen_bernie_sanders_i-vt,0.0156118905069
590,right,isis_terrorists,0.0156118905069
591,right,fellow_americans,0.0155615295698
592,right,birthright_citizenship,0.0155615295698
593,right,south_america,0.0155363491013
594,right,defeat_isis,0.0155363491013
595,right,attempted_murder,0.0155111686327
596,right,since_2010,0.0154859881641
597,right,posted_online,0.0153852662899
598,right,planned_parenthood_videos,0.0153852662899
599,right,joint_chiefs,0.0153852662899
600,right,oh_yeah,0.0153852662899
601,right,last_august,0.0153600858213
602,right,general_counsel,0.0153600858213
603,right,little_better,0.0153349053528
604,right,welfare_state,0.0153349053528
605,right,closer_look,0.0153097248842
606,right,go_forward,0.0153097248842
607,right,house_armed_services_committee,0.0153097248842
608,right,presumptive_democratic_nominee,0.0152845444157
609,right,september_6_2016,0.0152593639471
610,right,march_10,0.0152593639471
611,right,congressional_districts,0.0152593639471
612,right,cant_wait,0.0152341834785
613,right,san_francisco_49ers,0.0152341834785
614,right,september_1_2016,0.01520900301
615,right,inner_cities,0.01520900301
616,right,well_aware,0.01520900301
617,right,bill_cosby,0.0151586420729
618,right,95_percent,0.0151082811357
619,right,62_percent,0.0151082811357
620,right,public_square,0.0151082811357
621,right,58_percent,0.0151082811357
622,right,presumptive_republican_nominee_donald,0.0150831006672
623,right,security_measures,0.0150831006672
624,right,high_profile,0.0150831006672
625,right,temporary_ban,0.0150579201986
626,right,western_countries,0.0150579201986
627,right,august_29_2016,0.0150579201986
628,right,raise_awareness,0.0150327397301
629,right,politically_motivated,0.0150327397301
630,right,classified_documents,0.0150075592615
631,right,rights_reserved,0.0150075592615
632,right,anywhere_else,0.0150075592615
633,right,coming_weeks,0.0150075592615
634,right,working_together,0.0149823787929
635,right,news_coverage,0.0149823787929
636,right,65_percent,0.0149823787929
637,right,august_16_2016,0.0149571983244
638,right,local_hospital,0.0149571983244
639,right,like_hillary_clinton,0.0149320178558
640,right,drivers_license,0.0149068373873
641,right,august_19_2016,0.0149068373873
642,right,across_europe,0.0149068373873
643,right,small_town,0.0148816569187
644,right,special_prosecutor,0.0148816569187
645,right,theres_no_doubt,0.0148816569187
646,right,notre_dame,0.0148564764501
647,right,gun-free_zones,0.0148312959816
648,right,homeless_man,0.0148312959816
649,right,rick_scott,0.014806115513
650,right,personal_email_account,0.014806115513
651,right,july_20_2016,0.0147809350445
652,right,heidi_cruz,0.0147809350445
653,right,morgan_stanley,0.0147557545759
654,right,next_step,0.0147557545759
655,right,much_longer,0.0146802131702
656,right,desperately_need,0.0146550327017
657,right,july_7_2016,0.0146550327017
658,right,november_2014,0.0146298522331
659,right,youd_think,0.0146298522331
660,right,gain_access,0.0146046717646
661,right,fair_game,0.0146046717646
662,right,chinese_government,0.014579491296
663,right,violent_crimes,0.014579491296
664,right,per_month,0.014579491296
665,right,last_decade,0.0145543108274
666,right,theyve_got,0.0145543108274
667,right,two_counts,0.0145543108274
668,right,drug_dealers,0.0145291303589
669,right,apple_watch,0.0145291303589
670,right,muslim_terrorists,0.0145291303589
671,right,cant_imagine,0.0145291303589
672,right,american_soldiers,0.0145039498903
673,right,youre_talking,0.0145039498903
674,right,15_an_hour,0.0145039498903
675,right,religious_groups,0.0144787694218
676,right,student_body,0.0144787694218
677,right,ongoing_investigation,0.0144535889532
678,right,kathleen_willey,0.0144535889532
679,right,everybody_knows,0.0144284084846
680,right,stay_tuned,0.0144284084846
681,right,january_13_2016,0.0144284084846
682,right,smoking_gun,0.0144284084846
683,right,medical_treatment,0.0144032280161
684,right,playing_field,0.0144032280161
685,right,federal_agency,0.0144032280161
686,right,republican_donald_trump,0.0144032280161
687,right,personal_attacks,0.0144032280161
688,right,federal_level,0.0143780475475
689,right,last_september,0.0143780475475
690,right,executive_vice_president,0.0143780475475
691,right,largest_abortion_provider,0.014352867079
692,right,khizr_khan,0.014352867079
693,right,taken_seriously,0.014352867079
694,right,el_salvador,0.014352867079
695,right,court_records,0.0143276866104
696,right,april_29_2016,0.0143276866104
697,right,white_supremacists,0.0143025061418
698,right,march_2_2016,0.0143025061418
699,right,50_people,0.0143025061418
700,right,green_energy,0.0142521452047
701,right,text_messages,0.0142269647362
702,right,secret_service_agents,0.0142269647362
703,right,et_al,0.0142017842676
704,right,legal_system,0.0142017842676
705,right,us-mexico_border,0.014176603799
706,right,told_theblaze,0.014176603799
707,right,foreign_nationals,0.0141514233305
708,right,phyllis_schlafly,0.0141514233305
709,right,private_meeting,0.0141514233305
710,right,natural_born_citizen,0.0141514233305
711,right,supreme_court_justice_antonin,0.0141514233305
712,right,conservative_news_site,0.0141514233305
713,right,friday_evening,0.0141010623934
714,right,worked_hard,0.0141010623934
715,right,august_18_2016,0.0140758819248
716,right,human_trafficking,0.0140758819248
717,right,zero_hedge,0.0140758819248
718,right,eastern_europe,0.0140758819248
719,right,news_broke,0.0140758819248
720,right,least_four,0.0140507014562
721,right,ive_heard,0.0140507014562
722,right,islamic_society,0.0140507014562
723,right,clintons_state_department,0.0140255209877
724,right,told_lifezette,0.0139791566367
725,right,false_narrative,0.0139751600506
726,right,getting_rid,0.0139751600506
727,right,november_14_2015,0.013949979582
728,right,taxpayer_funds,0.013949979582
729,right,every_aspect,0.0139247991134
730,right,may_25_2016,0.0139247991134
731,right,west_coast,0.0139247991134
732,right,national_interest,0.0139247991134
733,right,american_troops,0.0138996186449
734,right,march_4_2016,0.0138996186449
735,right,orlando_shooting,0.0138744381763
736,right,tax-exempt_status,0.0138744381763
737,right,everyday_americans,0.0138744381763
738,right,nbcs_meet,0.0138492577078
739,right,100_billion,0.0138492577078
740,right,many_reasons,0.0138492577078
741,right,least_five,0.0138492577078
742,right,59_percent,0.0138492577078
743,right,political_spectrum,0.0138240772392
744,right,memorial_service,0.0138240772392
745,right,open_carry,0.0138240772392
746,right,police_spokesman,0.0138240772392
747,right,individual_rights,0.0138240772392
748,right,fox_news_debate,0.0138240772392
749,right,fourth_amendment,0.0137988967706
750,right,november_11_2015,0.0137737163021
751,right,legal_team,0.0137737163021
752,right,sept_11_2001,0.0137485358335
753,right,raising_money,0.0137485358335
754,right,cleveland_ohio,0.0137485358335
755,right,national_security_agency,0.0137485358335
756,right,mutual_funds,0.0137485358335
757,right,jake_sullivan,0.013723355365
758,right,media_bias,0.013723355365
759,right,valerie_jarrett,0.013723355365
760,right,heart_attack,0.013723355365
761,right,charleston_south_carolina,0.0136981748964
762,right,drive-by_media,0.0136478139593
763,right,reuters_reported,0.0136478139593
764,right,convenience_store,0.0136478139593
765,right,40_days,0.0136478139593
766,right,september_20_2016,0.0136478139593
767,right,foia_requests,0.0136226334907
768,right,civil_rights_act,0.0136226334907
769,right,quite_frankly,0.0136226334907
770,right,sunday_evening,0.0136226334907
771,right,august_25_2016,0.0135974530222
772,right,probable_cause,0.0135974530222
773,right,august_30_2016,0.0135722725536
774,right,marthas_vineyard,0.013547092085
775,right,september_15_2016,0.013547092085
776,right,muslims_entering,0.013547092085
777,right,wide_open,0.0135219116165
778,right,perform_abortions,0.0135219116165
779,right,tough_guy,0.0134967311479
780,right,human_history,0.0134715506794
781,right,highest_levels,0.0134715506794
782,right,black_lives_matter_activists,0.0134715506794
783,right,rush_yeah,0.0134483025872
784,right,long_island,0.0134463702108
785,right,didnt_realize,0.0134463702108
786,right,august_31_2016,0.0134211897423
787,right,womans_right,0.0134211897423
788,right,september_26_2016,0.0133708288051
789,right,radical_islamic_terrorists,0.0133708288051
790,right,september_11_2001,0.0133708288051
791,right,61_percent,0.0133456483366
792,right,sen_cruz,0.0133456483366
793,right,campaign_contributions,0.0133456483366
794,right,ballot_box,0.0133456483366
795,right,analysts_say,0.013320467868
796,right,join_isis,0.0132952873995
797,right,tim_tebow,0.0132701069309
798,right,second_half,0.0132701069309
799,right,november_13_2015,0.0132449264623
800,right,nobody_else,0.0132449264623
801,right,coming_together,0.0132449264623
802,right,sexual_misconduct,0.0132449264623
803,right,private_email_account,0.0132197459938
804,right,public_education,0.0131945655252
805,right,gay_community,0.0131945655252
806,right,200_million,0.0131693850567
807,right,past_weekend,0.0131693850567
808,right,63_percent,0.0131693850567
809,right,sean_smith,0.0131693850567
810,right,close_friend,0.0131693850567
811,right,en_route,0.0131442045881
812,right,nice_france,0.0131442045881
813,right,october_4_2016,0.0131442045881
814,right,muslim_communities,0.0131442045881
815,right,young_age,0.0131190241195
816,right,june_21_2016,0.0131190241195
817,right,dallas_morning_news,0.013093843651
818,right,highest_office,0.013093843651
819,right,charleston_sc,0.013093843651
820,right,fourth_quarter,0.013093843651
821,right,email_exchange,0.013093843651
822,right,december_2_2015,0.013093843651
823,right,racial_discrimination,0.0130686631824
824,right,perfect_example,0.0130686631824
825,right,full_interview,0.0130686631824
826,right,saturday_afternoon,0.0130686631824
827,right,senator_sanders,0.0130686631824
828,right,national_review_online,0.0130686631824
829,right,nothing_less,0.0130686631824
830,right,911_call,0.0130686631824
831,right,april_14_2016,0.0130686631824
832,right,devout_muslim,0.0130183022453
833,right,democrat_presidential_candidate,0.0130183022453
834,right,abundantly_clear,0.0130183022453
835,right,twitter_feed,0.0130183022453
836,right,republican_presidential_hopeful,0.0130183022453
837,right,national_television,0.0130183022453
838,right,public_eye,0.0129931217767
839,right,september_2_2016,0.0129679413082
840,right,partys_nomination,0.0129679413082
841,right,step_forward,0.0129679413082
842,right,said_last_week,0.0129427608396
843,right,far_too_many,0.0129427608396
844,right,june_22_2016,0.0129175803711
845,right,getting_heart_lung,0.0129175803711
846,right,north_koreas,0.0129175803711
847,right,syrian_rebels,0.0129175803711
848,right,march_29_2016,0.0128923999025
849,right,standing_ovation,0.0128923999025
850,right,life_liberty,0.0128923999025
851,right,candidate_bernie_sanders,0.0128672194339
852,right,numerous_times,0.0128420389654
853,right,several_hundred,0.0128420389654
854,right,august_15_2016,0.0128420389654
855,right,convention_floor,0.0128420389654
856,right,entirely_different,0.0128420389654
857,right,less_than_1,0.0128420389654
858,right,orlando_nightclub,0.0128168584968
859,right,hillarys_health,0.0128168584968
860,right,june_28_2016,0.0128168584968
861,right,mexican_government,0.0128168584968
862,right,april_27_2016,0.0128168584968
863,right,march_16_2016,0.0127916780283
864,right,box_office,0.0127916780283
865,right,saudi_government,0.0127916780283
866,right,sen_bernie_sanders_i_vt,0.0127758874578
867,right,june_20_2016,0.0127664975597
868,right,september_21_2016,0.0127664975597
869,right,create_jobs,0.0127664975597
870,right,two_years_later,0.0127664975597
871,right,walking_around,0.0127413170911
872,right,ronda_rousey,0.0127413170911
873,right,march_23_2016,0.0127413170911
874,right,october_6_2016,0.0127161366226
875,right,arab_spring,0.0127161366226
876,right,nations_capital,0.0127161366226
877,right,news_organizations,0.012690956154
878,right,republican_primaries,0.0126657756855
879,right,african-american_community,0.0126657756855
880,right,coal_miners,0.0126405952169
881,right,hot_water,0.0126405952169
882,right,jeb_bushs,0.0126154147483
883,right,breitbart_reported,0.0126154147483
884,right,liver_because_we_know,0.0126154147483
885,right,criminal_history,0.0126154147483
886,right,amoris_laetitia,0.0125902342798
887,right,big_difference,0.0125902342798
888,right,fox_news_poll,0.0125902342798
889,right,almost_entirely,0.0125902342798
890,right,june_24_2016,0.0125902342798
891,right,october_17_2016,0.0125902342798
892,right,much_attention,0.0125902342798
893,right,south_florida,0.0125902342798
894,right,central_command,0.0125650538112
895,right,worst_thing,0.0125650538112
896,right,150_billion,0.0125650538112
897,right,el_paso,0.0125398733427
898,right,blood_clot,0.0125398733427
899,right,whats_wrong,0.0125398733427
900,right,august_10_2016,0.0125146928741
901,right,great_depression,0.0125146928741
902,right,human_rights_campaign,0.0124895124055
903,right,business_model,0.0124895124055
904,right,february_26_2016,0.0124895124055
905,right,within_hours,0.012464331937
906,right,killed_at_least,0.012464331937
907,right,questioned_whether,0.012464331937
908,right,times_square,0.0124391514684
909,right,assault_rifles,0.0124391514684
910,right,28_pages,0.0124139709999
911,right,mitt_romneys,0.0124139709999
912,right,march_12_2016,0.0124139709999
913,right,free_stuff,0.0124139709999
914,right,national_attention,0.0124139709999
915,right,johns_hopkins,0.0124139709999
916,right,august_23_2016,0.0124139709999
917,right,medical_professionals,0.0123887905313
918,right,third_quarter,0.0123636100627
919,right,two_sides,0.0123636100627
920,right,us_air_force,0.0123636100627
921,right,cnn_poll,0.0123636100627
922,right,real_reason,0.0123636100627
923,right,cns_news,0.0123636100627
924,right,rosie_odonnell,0.0123384295942
925,right,fox_friends_foxandfriends,0.0123384295942
926,right,september_28_2016,0.0123132491256
927,right,german_chancellor_angela_merkel,0.0123132491256
928,right,evangelical_christians,0.0122880686571
929,right,money_laundering,0.0122880686571
930,right,church_teaching,0.0122880686571
931,right,neil_cavuto,0.0122880686571
932,right,august_2_2016,0.0122880686571
933,right,may_3_2016,0.0122628881885
934,right,since_2007,0.01223770772
935,right,jimmy_kimmel,0.0122125272514
936,right,controversy_surrounding,0.0122125272514
937,right,mass_immigration,0.0121873467828
938,right,miley_cyrus,0.0121621663143
939,right,last_july,0.0121621663143
940,right,active_tb,0.0121388625984
941,right,nobody_knows,0.0121369858457
942,right,federal_employees,0.0121369858457
943,right,give_birth,0.0121369858457
944,right,pregnant_woman,0.0121118053772
945,right,philando_castile,0.0121118053772
946,right,presumptive_gop_nominee_donald,0.0121118053772
947,right,islamic_center,0.0120866249086
948,right,sexual_activity,0.0120866249086
949,right,february_2_2016,0.0120866249086
950,right,dana_loesch_dloesch,0.0120866249086
951,right,late_last_year,0.0120866249086
952,right,susan_b_anthony_list,0.01206144444
953,right,prime_time,0.01206144444
954,right,ca_nt_get,0.01206144444
955,right,babies_born,0.0120362639715
956,right,peoples_lives,0.0120362639715
957,right,crime_scene,0.0120110835029
958,right,fellow_republicans,0.0120110835029
959,right,gets_worse,0.0120110835029
960,right,terror_watch_list,0.0120110835029
961,right,wrong_direction,0.0120110835029
962,right,holiday_season,0.0119859030344
963,right,baby_boy,0.0119859030344
964,right,september_18_2016,0.0119859030344
965,right,october_22_2015,0.0119859030344
966,right,committed_suicide,0.0119859030344
967,right,assault_weapons_ban,0.0119859030344
968,right,next_morning,0.0119859030344
969,right,already_begun,0.0119607225658
970,right,transgender_individuals,0.0119607225658
971,right,catholic_faith,0.0119607225658
972,right,political_campaigns,0.0119355420972
973,right,august_24_2016,0.0119355420972
974,right,ashley_madison,0.0119355420972
975,right,study_published,0.0118851811601
976,right,domestic_terrorism,0.0118851811601
977,right,wrong_side,0.0118851811601
978,right,white_house_said,0.0118851811601
979,right,commit_suicide,0.0118851811601
980,right,bob_dole,0.0118851811601
981,right,care_less,0.0118851811601
982,right,february_10_2016,0.0118851811601
983,right,nobody_wants,0.0118851811601
984,right,august_1_2016,0.0118600006916
985,right,said_theres,0.0118600006916
986,right,latest_example,0.0118600006916
987,right,wall_along,0.011834820223
988,right,eagle_forum,0.011834820223
989,right,major_cities,0.011834820223
990,right,sunday_afternoon,0.011834820223
991,right,alive_today,0.0118096397544
992,right,repeal_obamacare,0.0118096397544
993,right,media_research_center,0.0118096397544
994,right,chris_kyle,0.0117844592859
995,right,created_equal,0.0117844592859
996,right,several_years_ago,0.0117844592859
997,right,irans_nuclear_program,0.0117844592859
998,right,pearl_harbor,0.0117844592859
999,right,deputy_director,0.0117844592859
